cik,company_name,symbol,original_security
0000059558,LINCOLN NATIONAL CORP,LNC,Lincoln Financial
0000311094,WESTAMERICA BANCORPORATION,WABC,Westamerica Bank
0000107687,WINNEBAGO INDUSTRIES INC,WGO,"Winnebago Industries, Inc."
0001374310,"Cboe Global Markets, Inc.",CBOE,Cboe Global Markets
0000896622,"APTARGROUP, INC.",ATR,AptarGroup
0001591698,Paylocity Holding Corp,PCTY,Paylocity
0001158172,"COMSCORE, INC.",SCOR,comScore
0001298946,DiamondRock Hospitality Co,DRH,DiamondRock Hospitality Company
0000729986,UNITED BANKSHARES INC/WV,UBSI,United Bankshares
0001567683,"Clearway Energy, Inc.",CWEN,"Clearway, Inc."
0000200406,JOHNSON & JOHNSON,JNJ,Johnson & Johnson
0000771497,ABM INDUSTRIES INC /DE/,ABM,"ABM Industries, Inc."
0000935036,"ACI WORLDWIDE, INC.",ACIW,ACI Worldwide
0001561550,"Datadog, Inc.",DDOG,Datadog
0001084048,"ZIFF DAVIS, INC.",ZD,Ziff Davis
0001364250,Douglas Emmett Inc,DEI,Douglas Emmett
0001413329,Philip Morris International Inc.,PM,Philip Morris International
0000895417,EQUITY LIFESTYLE PROPERTIES INC,ELS,Equity Lifestyle Properties
0000016058,CACI INTERNATIONAL INC /DE/,CACI,CACI International
0001506307,"KINDER MORGAN, INC.",KMI,Kinder Morgan
0000034088,EXXON MOBIL CORP,XOM,ExxonMobil
0000074303,OLIN Corp,OLN,Olin Corporation
0001596532,"Arista Networks, Inc.",ANET,Arista Networks
0000912728,FORWARD AIR CORP,FWRD,Forward Air Corp.
0000874238,"STERLING INFRASTRUCTURE, INC.",STRL,"Sterling Infrastructure, Inc."
0000856982,MERIT MEDICAL SYSTEMS INC,MMSI,"Merit Medical Systems, Inc."
0001025378,W. P. Carey Inc.,WPC,W. P. Carey
0001046025,HERITAGE FINANCIAL CORP /WA/,HFWA,Heritage Financial Corporation
0000886346,KADANT INC,KAI,Kadant Inc.
0000014930,BRUNSWICK CORP,BC,Brunswick
0000717423,MURPHY OIL CORP,MUR,Murphy Oil
0001705696,VICI PROPERTIES INC.,VICI,Vici Properties
0001612630,JOINT Corp,JYNT,The Joint Corp.
0001571123,Science Applications International Corp,SAIC,Science Applications Intl Corp
0001273685,"ADAMAS TRUST, INC.",ADAM,"Adamas Trust, Inc."
0000879101,KIMCO REALTY CORP,KIM,Kimco Realty
0001058090,CHIPOTLE MEXICAN GRILL INC,CMG,Chipotle Mexican Grill
0000063296,MATTHEWS INTERNATIONAL CORP,MATW,Matthews International Corporation
0001397187,lululemon athletica inc.,LULU,Lululemon Athletica
0002041610,Paramount Skydance Corp,PSKY,Paramount Skydance Corporation
0000070858,BANK OF AMERICA CORP /DE/,BAC,Bank of America
0001941365,"MasterBrand, Inc.",MBC,"MasterBrand, Inc."
0001286681,DOMINOS PIZZA INC,DPZ,Domino's
0001944013,Crane Co,CR,Crane
0000927003,ADVANCED ENERGY INDUSTRIES INC,AEIS,Advanced Energy
0000097134,TENNANT CO,TNC,Tennant Company
0001661181,Organogenesis Holdings Inc.,ORGO,Organogenesis Holdings Inc.
0000914208,Invesco Ltd.,IVZ,Invesco
0001652044,Alphabet Inc.,GOOG,Alphabet Inc. (Class C)
0001575965,"Gaming & Leisure Properties, Inc.",GLPI,Gaming and Leisure Properties
0000864749,TRIMBLE INC.,TRMB,Trimble Inc.
0000899751,TITAN INTERNATIONAL INC,TWI,"Titan International, Inc."
0000874761,AES CORP,AES,AES Corporation
0000854775,DIGI INTERNATIONAL INC,DGII,Digi International Inc.
0001373670,"Green Brick Partners, Inc.",GRBK,"Green Brick Partners, Inc."
0000074208,"UDR, Inc.",UDR,"UDR, Inc."
0001618673,Performance Food Group Co,PFGC,Performance Food Group
0001564708,NEWS CORP,NWS,News Corp (Class B)
0001507605,"MARA Holdings, Inc.",MARA,"MARA Holdings, Inc."
0000032604,EMERSON ELECTRIC CO,EMR,Emerson Electric
0001001316,"TG THERAPEUTICS, INC.",TGTX,"TG Therapeutics, Inc."
0001772016,"BELLRING BRANDS, INC.",BRBR,BellRing Brands
0001823529,"Enact Holdings, Inc.",ACT,"Enact Holdings, Inc."
0001585364,PERRIGO Co plc,PRGO,Perrigo
0000110471,WOLVERINE WORLD WIDE INC /DE/,WWW,"Wolverine World Wide, Inc."
0001069183,"AXON ENTERPRISE, INC.",AXON,Axon Enterprise
0000105770,WEST PHARMACEUTICAL SERVICES INC,WST,West Pharmaceutical Services
0001600033,"e.l.f. Beauty, Inc.",ELF,e.l.f. Beauty
0001675149,Alcoa Corp,AA,Alcoa
0000022356,COMMERCE BANCSHARES INC /MO/,CBSH,Commerce Bancshares
0001915657,HF Sinclair Corp,DINO,HF Sinclair
0000912562,"GIBRALTAR INDUSTRIES, INC.",ROCK,"Gibraltar Industries, Inc."
0000807882,JACK IN THE BOX INC,JACK,Jack in the Box
0000098362,TIMKEN CO,TKR,Timken
0001158324,"COGENT COMMUNICATIONS HOLDINGS, INC.",CCOI,"Cogent Communications Holdings, Inc."
0000923120,GREENBRIER COMPANIES INC,GBX,"The Greenbrier Companies, Inc."
0000723254,CINTAS CORP,CTAS,Cintas
0000831259,FREEPORT-MCMORAN INC,FCX,Freeport-McMoRan
0001474098,Pebblebrook Hotel Trust,PEB,Pebblebrook Hotel Trust
0001984060,Atlas Energy Solutions Inc.,AESI,"Atlas Energy Solutions, Inc."
0000080172,NATIONAL PRESTO INDUSTRIES INC,NPK,"National Presto Industries, Inc."
0000062709,"MARSH & MCLENNAN COMPANIES, INC.",MMC,Marsh McLennan
0000906553,BOYD GAMING CORP,BYD,Boyd Gaming
0000097476,TEXAS INSTRUMENTS INC,TXN,Texas Instruments
0000921825,FIRST INDUSTRIAL REALTY TRUST INC,FR,First Industrial Realty Trust
0001623925,Antero Midstream Corp,AM,Antero Midstream
0000354963,SHENANDOAH TELECOMMUNICATIONS CO/VA/,SHEN,Shenandoah Telecommunications Co
0000711404,"COOPER COMPANIES, INC.",COO,Cooper Companies (The)
0001020710,DXP ENTERPRISES INC,DXPE,"DXP Enterprises, Inc."
0001002047,"NetApp, Inc.",NTAP,NetApp
0000024741,CORNING INC /NY,GLW,Corning Inc.
0000066004,MIDDLESEX WATER CO,MSEX,Middlesex Water Company
0000704532,ONTO INNOVATION INC.,ONTO,Onto Innovation
0000818479,DENTSPLY SIRONA Inc.,XRAY,Dentsply Sirona
0001389170,Targa Resources Corp.,TRGP,Targa Resources
0000936395,CIENA CORP,CIEN,Ciena
0001596993,DORIAN LPG LTD.,LPG,Dorian LPG Ltd.
0000004904,AMERICAN ELECTRIC POWER CO INC,AEP,American Electric Power
0000814453,NEWELL BRANDS INC.,NWL,Newell Brands
0000069891,NATIONAL BEVERAGE CORP,FIZZ,National Beverage Corp.
0001341439,ORACLE CORP,ORCL,Oracle Corporation
0001555280,Zoetis Inc.,ZTS,Zoetis
0001670541,Adient plc,ADNT,Adient
0000202058,"L3HARRIS TECHNOLOGIES, INC. /DE/",LHX,L3Harris
0000030697,Wendy's Co,WEN,The Wendy's Company
0001088856,CORCEPT THERAPEUTICS INC,CORT,Corcept Therapeutics Incorporated
0001489393,LyondellBasell Industries N.V.,LYB,LyondellBasell
0000719413,HECLA MINING CO/DE/,HL,Hecla Mining
0001627223,Chemours Co,CC,Chemours
0000775158,OSHKOSH CORP,OSK,Oshkosh
0000093556,"STANLEY BLACK & DECKER, INC.",SWK,Stanley Black & Decker
0002074176,"Viper Energy, Inc.",VNOM,Viper Energy
0000310354,STANDEX INTERNATIONAL CORP/DE/,SXI,Standex International Corporation
0001463101,"Enphase Energy, Inc.",ENPH,Enphase Energy
0000811589,FIRST BANCORP /NC/,FBNC,First Bancorp (Southern Pines NC)
0001265131,Hilltop Holdings Inc.,HTH,Hilltop Holdings Inc.
0000006951,APPLIED MATERIALS INC /DE,AMAT,Applied Materials
0000892553,CHART INDUSTRIES INC,GTLS,Chart Industries
0001051470,CROWN CASTLE INC.,CCI,Crown Castle
0000076605,PATRICK INDUSTRIES INC,PATK,"Patrick Industries, Inc."
0000702165,NORFOLK SOUTHERN CORP,NSC,Norfolk Southern
0001013488,BJs RESTAURANTS INC,BJRI,"BJ's Restaurants, Inc."
0000714310,VALLEY NATIONAL BANCORP,VLY,Valley Bank
0001021860,NOV Inc.,NOV,NOV Inc.
0000895421,MORGAN STANLEY,MS,Morgan Stanley
0000792987,ASTEC INDUSTRIES INC,ASTE,"Astec Industries, Inc."
0001559720,"Airbnb, Inc.",ABNB,Airbnb
0001817358,"Academy Sports & Outdoors, Inc.",ASO,Academy Sports + Outdoors
0001360604,Healthcare Realty Trust Inc,HR,Healthcare Realty Trust
0001417398,"Hillenbrand, Inc.",HI,"Hillenbrand, Inc."
0001003078,MSC INDUSTRIAL DIRECT CO INC,MSM,MSC Industrial Direct
0001759655,"Privia Health Group, Inc.",PRVA,"Privia Health Group, Inc."
0000917251,AGREE REALTY CORP,ADC,Agree Realty
0001319161,Warner Music Group Corp.,WMG,Warner Music Group
0001093557,DEXCOM INC,DXCM,Dexcom
0000823768,WASTE MANAGEMENT INC,WM,Waste Management
0001803696,Adeia Inc.,ADEA,"Adeia, Inc."
0001078075,NETSCOUT SYSTEMS INC,NTCT,"NETSCOUT Systems, Inc."
0001066605,HEIDRICK & STRUGGLES INTERNATIONAL INC,HSII,"Heidrick & Struggles International, Inc."
0001324404,"CF Industries Holdings, Inc.",CF,CF Industries
0001767258,"XPEL, Inc.",XPEL,"XPEL, Inc."
0000916540,DARLING INGREDIENTS INC.,DAR,Darling Ingredients
0001219601,"CROWN HOLDINGS, INC.",CCK,Crown Holdings
0001396814,"Pacira BioSciences, Inc.",PCRX,"Pacira BioSciences, Inc."
0000014707,CALERES INC,CAL,"Caleres, Inc."
0001500217,"American Assets Trust, Inc.",AAT,American Assets Trust
0001070985,"CoreCivic, Inc.",CXW,CoreCivic
0000936468,LOCKHEED MARTIN CORP,LMT,Lockheed Martin
0001326801,"Meta Platforms, Inc.",META,Meta Platforms
0000789460,WORLD KINECT CORP,WKC,World Kinect Corporation
0000038777,FRANKLIN RESOURCES INC,BEN,Franklin Resources
0000715957,"DOMINION ENERGY, INC",D,Dominion Energy
0001996810,GE Vernova Inc.,GEV,GE Vernova
0001318605,"Tesla, Inc.",TSLA,"Tesla, Inc."
0001513761,Norwegian Cruise Line Holdings Ltd.,NCLH,Norwegian Cruise Line Holdings
0001512673,"Block, Inc.",XYZ,"Block, Inc."
0000100517,"United Airlines Holdings, Inc.",UAL,United Airlines Holdings
0001116942,TTM TECHNOLOGIES INC,TTMI,"TTM Technologies, Inc."
0001316835,"Builders FirstSource, Inc.",BLDR,Builders FirstSource
0001451809,SITIME Corp,SITM,SiTime
0001018724,AMAZON COM INC,AMZN,Amazon
0000051143,INTERNATIONAL BUSINESS MACHINES CORP,IBM,IBM
0001063761,SIMON PROPERTY GROUP INC.,SPG,Simon Property Group
0001433195,APPFOLIO INC,APPF,AppFolio
0000077476,PEPSICO INC,PEP,PepsiCo
0000926326,"OMNICELL, INC.",OMCL,Omnicell
0000064803,CVS HEALTH Corp,CVS,CVS Health
0001099219,METLIFE INC,MET,MetLife
0001274494,"FIRST SOLAR, INC.",FSLR,First Solar
0001029142,DYNAVAX TECHNOLOGIES CORP,DVAX,Dynavax Technologies Corp.
0000821002,G III APPAREL GROUP LTD /DE/,GIII,"G-III Apparel Group, Ltd."
0001123360,GLOBAL PAYMENTS INC,GPN,Global Payments
0001335258,"Live Nation Entertainment, Inc.",LYV,Live Nation Entertainment
0001639300,"Ollie's Bargain Outlet Holdings, Inc.",OLLI,Ollie's Bargain Outlet
0001677576,INNOVATIVE INDUSTRIAL PROPERTIES INC,IIPR,"Innovative Industrial Properties, Inc."
0001685040,"Brighthouse Financial, Inc.",BHF,Brighthouse Financial
0001964738,Solventum Corp,SOLV,Solventum
0000090896,"Champion Homes, Inc.",SKY,"Champion Homes, Inc."
0001390777,Bank of New York Mellon Corp,BK,BNY Mellon
0001707925,LINDE PLC,LIN,Linde plc
0000821189,EOG RESOURCES INC,EOG,EOG Resources
0001803737,"Enhabit, Inc.",EHAB,"Enhabit, Inc."
0001665918,US Foods Holding Corp.,USFD,US Foods
0001158463,JETBLUE AIRWAYS CORP,JBLU,JetBlue
0000899923,MYRIAD GENETICS INC,MYGN,"Myriad Genetics, Inc."
0000029534,DOLLAR GENERAL CORP,DG,Dollar General
0000356309,NEW JERSEY RESOURCES CORP,NJR,New Jersey Resources
0000788784,PUBLIC SERVICE ENTERPRISE GROUP INC,PEG,Public Service Enterprise Group
0001013857,PEGASYSTEMS INC,PEGA,Pegasystems
0001434588,"Grand Canyon Education, Inc.",LOPE,Grand Canyon Education
0001671933,"Trade Desk, Inc.",TTD,Trade Desk (The)
0001434621,"LendingTree, Inc.",TREE,LendingTree
0000354190,Arthur J. Gallagher & Co.,AJG,Arthur J. Gallagher & Co.
0001111335,VISTEON CORP,VC,Visteon
0001212545,WESTERN ALLIANCE BANCORPORATION,WAL,Western Alliance Bancorporation
0001659166,Fortive Corp,FTV,Fortive
0001061983,CYTOKINETICS INC,CYTK,Cytokinetics
0000703351,"BRINKER INTERNATIONAL, INC",EAT,"Brinker International, Inc."
0001368514,"ADMA BIOLOGICS, INC.",ADMA,"ADMA Biologics, Inc."
0000712537,FIRST COMMONWEALTH FINANCIAL CORP /PA/,FCF,"First Commonwealth Financial, Corp."
0001834622,"Hayward Holdings, Inc.",HAYW,"Hayward Holdings, Inc."
0000946581,TAKE TWO INTERACTIVE SOFTWARE INC,TTWO,Take-Two Interactive
0001471265,"Northwest Bancshares, Inc.",NWBI,"Northwest Bancshares, Inc."
0001418121,"Apple Hospitality REIT, Inc.",APLE,"Apple Hospitality REIT, Inc."
0001645590,Hewlett Packard Enterprise Co,HPE,Hewlett Packard Enterprise
0001873923,Orion Properties Inc.,ONL,Orion Office REIT
0001528129,"Vital Energy, Inc.",VTLE,"Vital Energy, Inc."
0000088941,SEMTECH CORP,SMTC,Semtech Corporation
0000763744,LCI INDUSTRIES,LCII,LCI Industries
0001336917,"Under Armour, Inc.",UA,Under Armour (Class C)
0001428336,"HEALTHEQUITY, INC.",HQY,HealthEquity
0000723612,"AVIS BUDGET GROUP, INC.",CAR,Avis Budget Group
0001122976,AVIENT CORP,AVNT,Avient
0000037808,FNB CORP/PA/,FNB,FNB Corporation
0001095073,"EVEREST GROUP, LTD.",EG,Everest Group
0001569187,"Armada Hoffler Properties, Inc.",AHH,"Armada Hoffler Properties, Inc."
0001005817,TOMPKINS FINANCIAL CORP,TMP,Tompkins Financial Corporation
0000033213,EQT Corp,EQT,EQT Corporation
0001561680,"Tri Pointe Homes, Inc.",TPH,"Tri Pointe Homes, Inc."
0001512762,"Coherus Oncology, Inc.",CHRS,Coherus Biosciences
0000868857,AECOM,ACM,AECOM
0001206264,SOMNIGROUP INTERNATIONAL INC.,SGI,Somnigroup International
0000078814,PITNEY BOWES INC /DE/,PBI,"Pitney Bowes, Inc."
0000896156,ETHAN ALLEN INTERIORS INC,ETD,"Ethan Allen Interiors, Inc."
0000910406,HAIN CELESTIAL GROUP INC,HAIN,Hain Celestial Group
0001404912,KKR & Co. Inc.,KKR,KKR & Co.
0000275880,PARSONS CORP,PSN,Parsons Corporation
0001743759,"Corsair Gaming, Inc.",CRSR,Corsair Gaming
0000103379,V F CORP,VFC,VF Corporation
0000834365,BIOLIFE SOLUTIONS INC,BLFS,"BioLife Solutions, Inc."
0000885245,BUCKLE INC,BKE,"The Buckle, Inc."
0001592386,"Virtu Financial, Inc.",VIRT,"Virtu Financial, Inc."
0000008670,AUTOMATIC DATA PROCESSING INC,ADP,Automatic Data Processing
0000351569,Ameris Bancorp,ABCB,Ameris Bancorp
0002064953,Solstice Advanced Materials Inc.,SOLS,Solstice Advanced Materials
0001005757,CSG SYSTEMS INTERNATIONAL INC,CSGS,"CSG Systems International, Inc."
0000040987,GENUINE PARTS CO,GPC,Genuine Parts Company
0001718512,Gates Industrial Corp plc,GTES,Gates Corporation
0000794619,AMERICAN WOODMARK CORP,AMWD,American Woodmark Corp.
0000100493,"TYSON FOODS, INC.",TSN,Tyson Foods
0000883984,ICU MEDICAL INC/DE,ICUI,ICU Medical
0000899629,ACADIA REALTY TRUST,AKR,Acadia Realty Trust
0001783180,CARRIER GLOBAL Corp,CARR,Carrier Global
0000927066,DAVITA INC.,DVA,DaVita
0000937556,MASIMO CORP,MASI,Masimo
0000901491,PAPA JOHNS INTERNATIONAL INC,PZZA,Papa John's Pizza
0000063908,MCDONALDS CORP,MCD,McDonald's
0001057706,FIRST BANCORP /PR/,FBP,First BanCorp (Puerto Rico)
0000005272,"AMERICAN INTERNATIONAL GROUP, INC.",AIG,American International Group
0000002969,"Air Products & Chemicals, Inc.",APD,Air Products
0001000753,"INSPERITY, INC.",NSP,Insperity
0001679788,"Coinbase Global, Inc.",COIN,Coinbase
0000755001,UNITIL CORP,UTL,Unitil Corporation
0000016732,CAMPBELL'S Co,CPB,Campbell's Company (The)
0001175454,"CORPAY, INC.",CPAY,Corpay
0000018926,"Lumen Technologies, Inc.",LUMN,Lumen Technologies
0000048287,HNI CORP,HNI,HNI Corporation
0001408198,MSCI Inc.,MSCI,MSCI Inc.
0001327567,Palo Alto Networks Inc,PANW,Palo Alto Networks
0001754301,Fox Corp,FOX,Fox Corporation (Class B)
0000916365,TRACTOR SUPPLY CO /DE/,TSCO,Tractor Supply
0000910108,LXP Industrial Trust,LXP,Lexington Realty Trust
0000076334,Parker-Hannifin Corp,PH,Parker Hannifin
0000836157,LINDSAY CORP,LNN,Lindsay Corporation
0001056288,"FEDERATED HERMES, INC.",FHI,Federated Hermes
0000021344,COCA COLA CO,KO,Coca-Cola Company (The)
0000860730,"HCA Healthcare, Inc.",HCA,HCA Healthcare
0001125376,"ENSIGN GROUP, INC",ENSG,Ensign Group
0000277509,FEDERAL SIGNAL CORP /DE/,FSS,Federal Signal Corporation
0001597033,Sabre Corp,SABR,Sabre
0001703056,ADT Inc.,ADT,ADT
0000052988,JACOBS SOLUTIONS INC.,J,Jacobs Solutions
0001490906,"Capitol Federal Financial, Inc.",CFFN,Capitol Federal Savings Bank
0001037540,"BXP, Inc.",BXP,"BXP, Inc."
0001701605,Baker Hughes Co,BKR,Baker Hughes
0000036966,FIRST HORIZON CORP,FHN,First Horizon
0000080420,POWELL INDUSTRIES INC,POWL,"Powell Industries, Inc."
0000313616,DANAHER CORP /DE/,DHR,Danaher Corporation
0000067215,DYCOM INDUSTRIES INC,DY,"Dycom Industries, Inc."
0001053507,AMERICAN TOWER CORP /MA/,AMT,American Tower
0001525769,"Dave & Buster's Entertainment, Inc.",PLAY,"Dave & Buster's Entertainment, Inc."
0000876167,PROGRESS SOFTWARE CORP /MA,PRGS,Progress Software Corporation
0001658566,Permian Resources Corp,PR,Permian Resources
0001438133,TANDEM DIABETES CARE INC,TNDM,Tandem Diabetes Care
0000029905,DOVER Corp,DOV,Dover Corporation
0001157408,"Stride, Inc.",LRN,"Stride, Inc."
0002005951,Smurfit Westrock plc,SW,Smurfit Westrock
0001341766,"Celsius Holdings, Inc.",CELH,Celsius Holdings
0001590560,uniQure N.V.,QURE,uniQure N.V.
0001275014,"Ultra Clean Holdings, Inc.",UCTT,"Ultra Clean Holdings, Inc."
0001359841,Hanesbrands Inc.,HBI,"Hanesbrands, Inc."
0001624794,"CSW INDUSTRIALS, INC.",CSW,"CSW Industrials, Inc."
0001045450,EPR PROPERTIES,EPR,EPR Properties
0000357301,TRUSTCO BANK CORP N Y,TRST,TrustCo Bank Corp NY
0001849253,"RYAN SPECIALTY HOLDINGS, INC.",RYAN,Ryan Specialty
0001570827,"Victory Capital Holdings, Inc.",VCTR,"Victory Capital Holdings, Inc."
0000900075,COPART INC,CPRT,Copart
0001439288,Zurn Elkay Water Solutions Corp,ZWS,Zurn Elkay Water Solutions Corp.
0001666700,"DuPont de Nemours, Inc.",DD,DuPont
0000105319,"WW INTERNATIONAL, INC.",WW,WW International
0000354647,CVB FINANCIAL CORP,CVBF,CVB Financial Corp.
0000059527,LINCOLN ELECTRIC HOLDINGS INC,LECO,Lincoln Electric
0001159036,"HALOZYME THERAPEUTICS, INC.",HALO,Halozyme
0000887733,CENTRAL GARDEN & PET CO,CENT,Central Garden & Pet Company
0000018349,SYNOVUS FINANCIAL CORP,SNV,Synovus
0000060667,LOWES COMPANIES INC,LOW,Lowe's
0000715787,INTERFACE INC,TILE,"Interface, Inc."
0001104485,"NORTHERN OIL & GAS, INC.",NOG,"Northern Oil and Gas, Inc."
0001369568,"CATALYST PHARMACEUTICALS, INC.",CPRX,"Catalyst Pharmaceuticals Partners, Inc."
0001281761,REGIONS FINANCIAL CORP,RF,Regions Financial Corporation
0001389050,"Archrock, Inc.",AROC,"Archrock, Inc."
0000833444,Johnson Controls International plc,JCI,Johnson Controls
0001295810,"Sunstone Hotel Investors, Inc.",SHO,"Sunstone Hotel Investors, Inc."
0000821483,"PAR PACIFIC HOLDINGS, INC.",PARR,"Par Pacific Holdings, Inc."
0001287865,MEDICAL PROPERTIES TRUST INC,MPW,Medical Properties Trust
0001334036,"Crocs, Inc.",CROX,Crocs
0001442145,"Verisk Analytics, Inc.",VRSK,Verisk Analytics
0000749251,GARTNER INC,IT,Gartner
0001092699,SPS COMMERCE INC,SPSC,"SPS Commerce, Inc."
0001465128,"STARWOOD PROPERTY TRUST, INC.",STWD,Starwood Property Trust
0001551152,AbbVie Inc.,ABBV,AbbVie
0000913144,RENAISSANCERE HOLDINGS LTD,RNR,RenaissanceRe
0000731766,UNITEDHEALTH GROUP INC,UNH,UnitedHealth Group
0001048911,FEDEX CORP,FDX,FedEx
0001520697,"Acadia Healthcare Company, Inc.",ACHC,Acadia Healthcare
0001326732,Xencor Inc,XNCR,Xencor Inc
0001525221,Bristow Group Inc.,VTOL,Bristow Group Inc.
0000315213,ROBERT HALF INC.,RHI,Robert Half
0001822993,Jackson Financial Inc.,JXN,"Jackson Financial, Inc."
0000320193,Apple Inc.,AAPL,Apple Inc.
0001038074,SILICON LABORATORIES INC.,SLAB,Silicon Labs
0001467760,"Apollo Commercial Real Estate Finance, Inc.",ARI,Apollo Commercial Real Estate Finance
0001744489,Walt Disney Co,DIS,Walt Disney Company (The)
0001796209,APi Group Corp,APG,APi Group
0001609550,"Inspire Medical Systems, Inc.",INSP,"Inspire Medical Systems, Inc."
0002011286,"Amentum Holdings, Inc.",AMTM,Amentum
0001368622,AeroVironment Inc,AVAV,AeroVironment
0001965040,Fortrea Holdings Inc.,FTRE,Fortrea
0001674168,Hilton Grand Vacations Inc.,HGV,Hilton Grand Vacations
0000906107,EQUITY RESIDENTIAL,EQR,Equity Residential
0001410384,"Q2 Holdings, Inc.",QTWO,"Q2 Holdings, Inc."
0000805676,PARK NATIONAL CORP /OH/,PRK,Park National Corp.
0000350698,"AUTONATION, INC.",AN,AutoNation
0000799167,MARTEN TRANSPORT LTD,MRTN,Marten Transport Ltd.
0001032033,SLM Corp,SLM,SLM Corp
0000350894,SEI INVESTMENTS CO,SEIC,SEI Investments Company
0000092122,SOUTHERN CO,SO,Southern Company
0001465740,TWO HARBORS INVESTMENT CORP.,TWO,Two Harbors Investment Corp.
0001370637,ETSY INC,ETSY,Etsy
0001845815,Payoneer Global Inc.,PAYO,Payoneer Global Inc.
0000099780,TRINITY INDUSTRIES INC,TRN,"Trinity Industries, Inc."
0001045810,NVIDIA CORP,NVDA,Nvidia
0001580670,"LGI Homes, Inc.",LGIH,LGI Homes
0001876588,ZimVie Inc.,ZIMV,ZimVie
0000920371,"Simpson Manufacturing Co., Inc.",SSD,Simpson Manufacturing
0000095029,STURM RUGER & CO INC,RGR,"Sturm, Ruger & Company, Inc."
0001296445,"ORMAT TECHNOLOGIES, INC.",ORA,Ormat Technologies
0001999001,Six Flags Entertainment Corporation/NEW,FUN,Six Flags
0001090872,"AGILENT TECHNOLOGIES, INC.",A,Agilent Technologies
0000058492,LEGGETT & PLATT INC,LEG,Leggett & Platt
0000910521,DECKERS OUTDOOR CORP,DECK,Deckers Brands
0001783879,"Robinhood Markets, Inc.",HOOD,Robinhood Markets
0000829224,STARBUCKS CORP,SBUX,Starbucks
0000051644,"INTERPUBLIC GROUP OF COMPANIES, INC.",IPG,Interpublic Group of Companies (The)
0000712515,ELECTRONIC ARTS INC.,EA,Electronic Arts
0000936528,WAFD INC,WAFD,"WaFd, Inc."
0001580808,"A10 Networks, Inc.",ATEN,"A10 Networks, Inc."
0000008947,AZZ INC,AZZ,"AZZ, Inc."
0001704715,"Alpha Metallurgical Resources, Inc.",AMR,"Alpha Metallurgical Resources, Inc."
0000062996,MASCO CORP /DE/,MAS,Masco
0000065984,ENTERGY CORP /DE/,ETR,Entergy
0001295947,Prestige Consumer Healthcare Inc.,PBH,Prestige Consumer Healthcare
0000701985,"Bath & Body Works, Inc.",BBWI,"Bath & Body Works, Inc."
0000923796,GEO GROUP INC,GEO,"GEO Group, Inc."
0000894315,SITE Centers Corp.,SITC,SITE Centers Corp.
0001142750,AMN HEALTHCARE SERVICES INC,AMN,"Amn Healthcare Services, Inc."
0000732717,AT&T INC.,T,AT&T
0001109357,EXELON CORP,EXC,Exelon
0001808834,"PROG Holdings, Inc.",PRG,"PROG Holdings, Inc."
0001297989,"ExlService Holdings, Inc.",EXLS,EXL Service
0001809987,"Mirion Technologies, Inc.",MIR,"Mirion Technologies, Inc."
0001728951,"ESSENTIAL PROPERTIES REALTY TRUST, INC.",EPRT,"Essential Properties Realty Trust, Inc."
0000021665,COLGATE PALMOLIVE CO,CL,Colgate-Palmolive
0000811596,KAISER ALUMINUM CORP,KALU,Kaiser Aluminum Corporation
0001045609,"Prologis, Inc.",PLD,Prologis
0001497645,"Summit Hotel Properties, Inc.",INN,"Summit Hotel Properties, Inc."
0001005284,UNIVERSAL DISPLAY CORP PA,OLED,Universal Display
0000898174,REINSURANCE GROUP OF AMERICA INC,RGA,Reinsurance Group of America
0000822416,PULTEGROUP INC/MI/,PHM,PulteGroup
0000093389,"STANDARD MOTOR PRODUCTS, INC.",SMP,"Standard Motor Products, Inc."
0001761312,"Palomar Holdings, Inc.",PLMR,"Palomar Holdings, Inc."
0002041385,Ralliant Corp,RAL,Ralliant Corp
0001103982,"Mondelez International, Inc.",MDLZ,Mondelez International
0001867072,"Kyndryl Holdings, Inc.",KD,Kyndryl
0001468328,Addus HomeCare Corp,ADUS,Addus HomeCare Corp.
0001620533,Shake Shack Inc.,SHAK,"Shake Shack, Inc."
0000860546,COPT DEFENSE PROPERTIES,CDP,COPT Defense Properties
0001626115,PJT Partners Inc.,PJT,"PJT Partners, Inc."
0001767042,"Kodiak Gas Services, Inc.",KGS,"Kodiak Gas Services, Inc."
0000039368,FULLER H B CO,FUL,H.B. Fuller Company
0000719955,WILLIAMS SONOMA INC,WSM,"Williams-Sonoma, Inc."
0001424929,FOX FACTORY HOLDING CORP,FOXF,Fox Factory
0000930236,REDWOOD TRUST INC,RWT,"Redwood Trust, Inc."
0001115055,PINNACLE FINANCIAL PARTNERS INC,PNFP,Pinnacle Financial Partners
0001018963,ATI INC,ATI,ATI Inc.
0001674910,VALVOLINE INC,VVV,Valvoline
0001067294,"CRACKER BARREL OLD COUNTRY STORE, INC",CBRL,Cracker Barrel
0001841666,APA Corp,APA,APA Corporation
0001955520,Knife River Corp,KNF,Knife River Corporation
0001099800,Edwards Lifesciences Corp,EW,Edwards Lifesciences
0000352541,ALLIANT ENERGY CORP,LNT,Alliant Energy
0001751788,DOW INC.,DOW,Dow Inc.
0000814547,FAIR ISAAC CORP,FICO,Fair Isaac
0001929561,"RXO, Inc.",RXO,"RXO, Inc."
0000072741,EVERSOURCE ENERGY,ES,Eversource Energy
0001811074,Texas Pacific Land Corp,TPL,Texas Pacific Land Corporation
0000217346,TEXTRON INC,TXT,Textron
0001049502,MKS INC,MKSI,MKS Instruments
0001688568,DXC Technology Co,DXC,DXC Technology
0000927628,CAPITAL ONE FINANCIAL CORP,COF,Capital One
0001578732,"Marcus & Millichap, Inc.",MMI,"Marcus & Millichap, Inc."
0001632127,"Cable One, Inc.",CABO,Cable One
0001996862,Bunge Global SA,BG,Bunge Global
0000073124,NORTHERN TRUST CORP,NTRS,Northern Trust
0001284812,"COHEN & STEERS, INC.",CNS,"Cohen & Steers, Inc."
0001126956,SPIRE INC,SR,Spire
0000097745,THERMO FISHER SCIENTIFIC INC.,TMO,Thermo Fisher Scientific
0000355811,GENTEX CORP,GNTX,Gentex
0001517302,Artisan Partners Asset Management Inc.,APAM,"Artisan Partners Asset Management, Inc."
0000091576,KEYCORP /NEW/,KEY,KeyCorp
0001635088,Roivant Sciences Ltd.,ROIV,Roivant Sciences
0000026324,CURTISS WRIGHT CORP,CW,Curtiss-Wright
0001274173,JANUS HENDERSON GROUP PLC,JHG,Janus Henderson
0001057877,IDACORP INC,IDA,Idacorp
0000078890,BRINKS CO,BCO,Brink's
0001080014,"Innoviva, Inc.",INVA,"Innoviva, Inc."
0001114483,Integer Holdings Corp,ITGR,Integer Holdings Corporation
0000910606,REGENCY CENTERS CORP,REG,Regency Centers
0000849869,SILGAN HOLDINGS INC,SLGN,Silgan Holdings
0000066382,"MILLERKNOLL, INC.",MLKN,"MillerKnoll, Inc."
0000003453,"Matson, Inc.",MATX,"Matson, Inc."
0000070318,TENET HEALTHCARE CORP,THC,Tenet Health
