Symbol,Security
AA,Alcoa
AAL,American Airlines Group
AAON,AAON
ACI,Albertsons
ACM,AECOM
ADC,Agree Realty
AFG,American Financial Group
AGCO,AGCO
AIT,Applied Industrial Technologies
ALE,ALLETE
ALGM,Allegro MicroSystems
ALK,Alaska Air Group
ALLY,Ally Financial
ALV,Autoliv
AM,Antero Midstream
AMG,Affiliated Managers Group
AMH,American Homes 4 Rent
AMKR,Amkor Technology
AN,AutoNation
ANF,Abercrombie & Fitch
APG,APi Group
APPF,AppFolio
AR,Antero Resources
ARMK,Aramark
ARW,Arrow Electronics
ASB,Associated Bank
ASGN,ASGN Inc.
ASH,Ashland Global
ATI,ATI Inc.
ATR,AptarGroup
AVAV,AeroVironment
AVNT,Avient
AVT,Avnet
AVTR,Avantor
AXTA,Axalta
AYI,Acuity Brands
BBWI,"Bath & Body Works, Inc."
BC,Brunswick
BCO,Brink's
BDC,Belden Inc.
BHF,Brighthouse Financial
BILL,Bill Holdings
BIO,Bio-Rad Laboratories
BJ,BJ's Wholesale Club
BKH,Black Hills Corporation
BLD,TopBuild Corp.
BLKB,Blackbaud
BMRN,BioMarin Pharmaceutical
BRBR,BellRing Brands
BRKR,Bruker
BRX,Brixmor Property Group
BSY,Bentley Systems
BURL,Burlington
BWXT,BWX Technologies
BYD,Boyd Gaming
CACI,CACI International
CADE,Cadence Bank
CAR,Avis Budget Group
CART,Maplebear Inc.
CASY,Casey's General Stores
CAVA,Cava Group
CBSH,Commerce Bancshares
CBT,Cabot Corp
CCK,Crown Holdings
CDP,COPT Defense Properties
CELH,Celsius Holdings
CFR,Frost Bank
CG,Carlyle Group
CGNX,Cognex
CHDN,Churchill Downs Inc.
CHE,Chemed Corp.
CHH,Choice Hotels
CHRD,Chord Energy
CHWY,Chewy
CIEN,Ciena
CIVI,Civitas Resources
CLF,Cleveland-Cliffs
CLH,Clean Harbors
CMA,Comerica
CMC,Commercial Metals
CNH,CNH Industrial
CNM,Core & Main
CNO,CNO Financial Group
CNX,CNX Resources
CNXC,Concentrix
COHR,Coherent Corp.
COKE,Coca-Cola Consolidated
COLB,Columbia Banking System
COLM,Columbia Sportswear
COTY,Coty
CPRI,Capri Holdings
CR,Crane
CROX,Crocs
CRS,Carpenter Technology
CRUS,Cirrus Logic
CSL,Carlisle Companies
CUBE,CubeSmart
CUZ,Cousins Properties
CVLT,CommVault Systems
CW,Curtiss-Wright
CXT,Crane NXT
CYTK,Cytokinetics
DAR,Darling Ingredients
DBX,Dropbox
DCI,Donaldson Company
DINO,HF Sinclair
DKS,Dick's Sporting Goods
DLB,Dolby
DOCS,Doximity
DOCU,Docusign
DT,Dynatrace
DTM,DT Midstream
DUOL,Duolingo
EEFT,Euronet Worldwide
EGP,EastGroup Properties
EHC,Encompass Health
ELAN,Elanco
ELF,e.l.f. Beauty
ELS,Equity Lifestyle Properties
ENS,EnerSys
ENSG,Ensign Group
ENTG,Entegris
EPR,EPR Properties
EQH,Equitable Holdings
ESAB,ESAB
ESNT,Essent Group Ltd.
EVR,Evercore
EWBC,East West Bancorp
EXEL,Exelixis
EXLS,EXL Service
EXP,Eagle Materials
EXPO,"Exponent, Inc."
FAF,First American Financial Corporation
FBIN,Fortune Brands Innovations
FCFS,FirstCash
FCN,FTI Consulting
FFIN,First Financial Bankshares
FHI,Federated Hermes
FHN,First Horizon
FIVE,Five Below
FIX,Comfort Systems USA
FLEX,Flex Ltd.
FLG,Flagstar Financial
FLO,Flowers Foods
FLR,Fluor
FLS,Flowserve
FN,Fabrinet
FNB,FNB Corporation
FND,Floor & Decor
FNF,Fidelity National Financial
FOUR,Shift4
FR,First Industrial Realty Trust
FTI,TechnipFMC
FYBR,Frontier Communications
G,Genpact
GAP,Gap Inc.
GATX,GATX
GBCI,Glacier Bancorp
GEF,"Greif, Inc."
GGG,Graco Inc.
GHC,Graham Holdings
GLPI,Gaming and Leisure Properties
GME,GameStop
GMED,Globus Medical
GNTX,Gentex
GPK,Graphic Packaging
GT,Goodyear Tire & Rubber
GTLS,Chart Industries
GTM,ZoomInfo
GWRE,Guidewire Software
GXO,GXO Logistics
H,Hyatt
HAE,Haemonetics
HALO,Halozyme
HGV,Hilton Grand Vacations
HIMS,Hims & Hers Health
HLI,Houlihan Lokey
HLNE,Hamilton Lane
HOG,Harley-Davidson
HOMB,Home BancShares
HQY,HealthEquity
HR,Healthcare Realty Trust
HRB,H&R Block
HWC,Hancock Whitney
HXL,Hexcel
IBOC,Intl Bancshares Corp
IDA,Idacorp
ILMN,"Illumina, Inc."
INGR,Ingredion
IPGP,IPG Photonics
IRDM,Iridium Communications
IRT,IRT Living
ITT,ITT Inc.
JAZZ,Jazz Pharmaceuticals
JEF,Jefferies
JHG,Janus Henderson
JLL,Jones Lang LaSalle
KBH,KB Home
KBR,"KBR, Inc."
KD,Kyndryl
KEX,Kirby Corporation
KMPR,Kemper Corporation
KNF,Knife River Corporation
KNSL,Kinsale Capital Group
KNX,Knight-Swift
KRC,Kilroy Realty Corp
KRG,Kite Realty Group Trust
KTOS,Kratos Defense & Security Solutions
LAD,Lithia Motors
LAMR,Lamar Advertising Company
LEA,Lear
LECO,Lincoln Electric
LFUS,Littelfuse
LITE,Lumentum Holdings
LIVN,LivaNova
LNTH,Lantheus Holdings
LNW,Light & Wonder
LOPE,Grand Canyon Education
LPX,Louisiana-Pacific
LSCC,Lattice Semiconductor
LSTR,Landstar System
M,Macy's
MANH,Manhattan Associates
MASI,Masimo
MAT,Mattel
MEDP,Medpace
MIDD,Middleby
MKSI,MKS Instruments
MLI,Mueller Industries
MMS,Maximus Inc.
MORN,"Morningstar, Inc."
MP,MP Materials
MSA,MSA Safety
MSM,MSC Industrial Direct
MTDR,Matador Resources
MTG,MGIC Investment Corporation
MTN,Vail Resorts
MTSI,MACOM Technology Solutions
MTZ,MasTec
MUR,Murphy Oil
MUSA,Murphy USA
MZTI,The Marzetti Company
NBIX,Neurocrine Biosciences
NEU,NewMarket Corporation
NFG,National Fuel Gas
NJR,New Jersey Resources
NLY,Annaly Capital Management
NNN,NNN Reit
NOV,NOV Inc.
NOVT,Novanta
NSA,National Storage Affiliates Trust
NSP,Insperity
NTNX,Nutanix
NVST,Envista Holdings
NVT,nVent Electric plc
NWE,NorthWestern Corporation
NXST,Nexstar Media Group
NXT,Nextracker
NYT,New York Times Company
OC,Owens Corning
OGE,OGE Energy
OGS,ONE Gas
OHI,Omega Healthcare Investors
OKTA,"Okta, Inc."
OLED,Universal Display
OLLI,Ollie's Bargain Outlet
OLN,Olin Corporation
ONB,Old National Bank
ONTO,Onto Innovation
OPCH,Option Care Health
ORA,Ormat Technologies
ORI,Old Republic International
OSK,Oshkosh
OVV,Ovintiv
OZK,Bank OZK
PAG,Penske Automotive Group
PB,Prosperity Bancshares
PBF,PBF Energy
PCH,PotlatchDeltic
PCTY,Paylocity
PEGA,Pegasystems
PEN,"Penumbra, Inc."
PFGC,Performance Food Group
PII,Polaris
PK,Park Hotels & Resorts
PLNT,Planet Fitness
PNFP,Pinnacle Financial Partners
POR,Portland General Electric
POST,Post Holdings
POWI,Power Integrations
PPC,Pilgrim's Pride
PR,Permian Resources
PRGO,Perrigo
PRI,Primerica
PSN,Parsons Corporation
PSTG,Pure Storage
PVH,PVH Corp.
QLYS,Qualys
R,Ryder
RBA,RB Global
RBC,RBC Bearings
REXR,Rexford Industrial Realty
RGA,Reinsurance Group of America
RGEN,Repligen
RGLD,Royal Gold
RH,RH
RLI,RLI Corp.
RMBS,Rambus
RNR,RenaissanceRe
ROIV,Roivant Sciences
RPM,RPM International
RRC,Range Resources
RRX,Regal Rexnord
RS,"Reliance, Inc."
RYAN,Ryan Specialty
RYN,Rayonier
SAIA,Saia
SAIC,Science Applications Intl Corp
SAM,Boston Beer Company
SATS,EchoStar
SBRA,Sabra Health Care REIT
SCI,Service Corp Intl
SEIC,SEI Investments Company
SF,Stifel
SFM,Sprouts Farmers Market
SGI,Somnigroup International
SHC,Sotera Health
SIGI,Selective Insurance Group
SLAB,Silicon Labs
SLGN,Silgan Holdings
SLM,SLM Corp
SMG,Scotts Miracle-Gro Company
SNV,Synovus
SNX,TD Synnex
SON,Sonoco
SR,Spire
SSB,South State Bank
SSD,Simpson Manufacturing
ST,Sensata Technologies
STAG,STAG Industrial
STWD,Starwood Property Trust
SWX,Southwest Gas Corp
SYNA,Synaptics
TCBI,Texas Capital Bancshares
TEX,Terex
THC,Tenet Health
THG,Hanover Insurance
THO,Thor Industries
TKR,Timken
TLN,Talen Energy
TMHC,Taylor Morrison
TNL,Travel + Leisure Co.
TOL,Toll Brothers
TREX,Trex
TRU,TransUnion
TTC,Toro
TTEK,Tetra Tech
TWLO,Twilio
TXNM,TXNM Energy
TXRH,Texas Roadhouse
UA,Under Armour (Class C)
UAA,Under Armour (Class A)
UBSI,United Bankshares
UFPI,UFP Industries
UGI,UGI Corp
UMBF,UMB Financial Corp.
UNM,Unum
USFD,US Foods
UTHR,United Therapeutics
VAC,Marriott Vacations Worldwide
VAL,Valaris
VC,Visteon
VFC,VF Corporation
VLY,Valley Bank
VMI,Valmont Industries
VNO,Vornado Realty Trust
VNOM,Viper Energy
VNT,Vontier
VOYA,Voya Financial
VVV,Valvoline
WAL,Western Alliance Bancorporation
WBS,Webster Bank
WCC,WESCO International
WEX,WEX Inc.
WFRD,Weatherford International
WH,Wyndham Hotels & Resorts
WHR,Whirlpool Corporation
WING,Wingstop
WLK,Westlake Corporation
WMG,Warner Music Group
WMS,Advanced Drainage Systems
WPC,W. P. Carey
WSO,Watsco
WTFC,Wintrust Financial
WTRG,Essential Utilities
WTS,Watts Water Technologies
WWD,"Woodward, Inc."
XPO,"XPO, Inc."
XRAY,Dentsply Sirona
YETI,Yeti Holdings
ZION,Zions Bancorporation
MMM,3M
AOS,A. O. Smith
ABT,Abbott Laboratories
ABBV,AbbVie
ACN,Accenture
ADBE,Adobe Inc.
AMD,Advanced Micro Devices
AES,AES Corporation
AFL,Aflac
A,Agilent Technologies
APD,Air Products
ABNB,Airbnb
AKAM,Akamai Technologies
ALB,Albemarle Corporation
ARE,Alexandria Real Estate Equities
ALGN,Align Technology
ALLE,Allegion
LNT,Alliant Energy
ALL,Allstate
GOOGL,Alphabet Inc. (Class A)
GOOG,Alphabet Inc. (Class C)
MO,Altria
AMZN,Amazon
AMCR,Amcor
AEE,Ameren
AEP,American Electric Power
AXP,American Express
AIG,American International Group
AMT,American Tower
AWK,American Water Works
AMP,Ameriprise Financial
AME,Ametek
AMGN,Amgen
APH,Amphenol
ADI,Analog Devices
AON,Aon plc
APA,APA Corporation
APO,Apollo Global Management
AAPL,Apple Inc.
AMAT,Applied Materials
APP,AppLovin
APTV,Aptiv
ACGL,Arch Capital Group
ADM,Archer Daniels Midland
ANET,Arista Networks
AJG,Arthur J. Gallagher & Co.
AIZ,Assurant
T,AT&T
ATO,Atmos Energy
ADSK,Autodesk
ADP,Automatic Data Processing
AZO,AutoZone
AVB,AvalonBay Communities
AVY,Avery Dennison
AXON,Axon Enterprise
BKR,Baker Hughes
BALL,Ball Corporation
BAC,Bank of America
BAX,Baxter International
BDX,Becton Dickinson
BRK.B,Berkshire Hathaway
BBY,Best Buy
TECH,Bio-Techne
BIIB,Biogen
BLK,BlackRock
BX,Blackstone Inc.
XYZ,"Block, Inc."
BK,BNY Mellon
BA,Boeing
BKNG,Booking Holdings
BSX,Boston Scientific
BMY,Bristol Myers Squibb
AVGO,Broadcom
BR,Broadridge Financial Solutions
BRO,Brown & Brown
BF.B,Brown–Forman
BLDR,Builders FirstSource
BG,Bunge Global
BXP,"BXP, Inc."
CHRW,C.H. Robinson
CDNS,Cadence Design Systems
CPT,Camden Property Trust
CPB,Campbell's Company (The)
COF,Capital One
CAH,Cardinal Health
CCL,Carnival
CARR,Carrier Global
CAT,Caterpillar Inc.
CBOE,Cboe Global Markets
CBRE,CBRE Group
CDW,CDW Corporation
COR,Cencora
CNC,Centene Corporation
CNP,CenterPoint Energy
CF,CF Industries
CRL,Charles River Laboratories
SCHW,Charles Schwab Corporation
CHTR,Charter Communications
CVX,Chevron Corporation
CMG,Chipotle Mexican Grill
CB,Chubb Limited
CHD,Church & Dwight
CI,Cigna
CINF,Cincinnati Financial
CTAS,Cintas
CSCO,Cisco
C,Citigroup
CFG,Citizens Financial Group
CLX,Clorox
CME,CME Group
CMS,CMS Energy
KO,Coca-Cola Company (The)
CTSH,Cognizant
COIN,Coinbase
CL,Colgate-Palmolive
CMCSA,Comcast
CAG,Conagra Brands
COP,ConocoPhillips
ED,Consolidated Edison
STZ,Constellation Brands
CEG,Constellation Energy
COO,Cooper Companies (The)
CPRT,Copart
GLW,Corning Inc.
CPAY,Corpay
CTVA,Corteva
CSGP,CoStar Group
COST,Costco
CTRA,Coterra
CRWD,CrowdStrike
CCI,Crown Castle
CSX,CSX Corporation
CMI,Cummins
CVS,CVS Health
DHR,Danaher Corporation
DRI,Darden Restaurants
DDOG,Datadog
DVA,DaVita
DAY,Dayforce
DECK,Deckers Brands
DE,Deere & Company
DELL,Dell Technologies
DAL,Delta Air Lines
DVN,Devon Energy
DXCM,Dexcom
FANG,Diamondback Energy
DLR,Digital Realty
DG,Dollar General
DLTR,Dollar Tree
D,Dominion Energy
DPZ,Domino's
DASH,DoorDash
DOV,Dover Corporation
DOW,Dow Inc.
DHI,D. R. Horton
DTE,DTE Energy
DUK,Duke Energy
DD,DuPont
EMN,Eastman Chemical Company
ETN,Eaton Corporation
EBAY,eBay Inc.
ECL,Ecolab
EIX,Edison International
EW,Edwards Lifesciences
EA,Electronic Arts
ELV,Elevance Health
EME,Emcor
EMR,Emerson Electric
ETR,Entergy
EOG,EOG Resources
EPAM,EPAM Systems
EQT,EQT Corporation
EFX,Equifax
EQIX,Equinix
EQR,Equity Residential
ERIE,Erie Indemnity
ESS,Essex Property Trust
EL,Estée Lauder Companies (The)
EG,Everest Group
EVRG,Evergy
ES,Eversource Energy
EXC,Exelon
EXE,Expand Energy
EXPE,Expedia Group
EXPD,Expeditors International
EXR,Extra Space Storage
XOM,ExxonMobil
FFIV,"F5, Inc."
FDS,FactSet
FICO,Fair Isaac
FAST,Fastenal
FRT,Federal Realty Investment Trust
FDX,FedEx
FIS,Fidelity National Information Services
FITB,Fifth Third Bancorp
FSLR,First Solar
FE,FirstEnergy
FI,Fiserv
F,Ford Motor Company
FTNT,Fortinet
FTV,Fortive
FOXA,Fox Corporation (Class A)
FOX,Fox Corporation (Class B)
BEN,Franklin Resources
FCX,Freeport-McMoRan
GRMN,Garmin
IT,Gartner
GE,GE Aerospace
GEHC,GE HealthCare
GEV,GE Vernova
GEN,Gen Digital
GNRC,Generac
GD,General Dynamics
GIS,General Mills
GM,General Motors
GPC,Genuine Parts Company
GILD,Gilead Sciences
GPN,Global Payments
GL,Globe Life
GDDY,GoDaddy
GS,Goldman Sachs
HAL,Halliburton
HIG,Hartford (The)
HAS,Hasbro
HCA,HCA Healthcare
DOC,Healthpeak Properties
HSIC,Henry Schein
HSY,Hershey Company (The)
HPE,Hewlett Packard Enterprise
HLT,Hilton Worldwide
HOLX,Hologic
HD,Home Depot (The)
HON,Honeywell
HRL,Hormel Foods
HST,Host Hotels & Resorts
HWM,Howmet Aerospace
HPQ,HP Inc.
HUBB,Hubbell Incorporated
HUM,Humana
HBAN,Huntington Bancshares
HII,Huntington Ingalls Industries
IBM,IBM
IEX,IDEX Corporation
IDXX,Idexx Laboratories
ITW,Illinois Tool Works
INCY,Incyte
IR,Ingersoll Rand
PODD,Insulet Corporation
INTC,Intel
IBKR,Interactive Brokers
ICE,Intercontinental Exchange
IFF,International Flavors & Fragrances
IP,International Paper
IPG,Interpublic Group of Companies (The)
INTU,Intuit
ISRG,Intuitive Surgical
IVZ,Invesco
INVH,Invitation Homes
IQV,IQVIA
IRM,Iron Mountain
JBHT,J.B. Hunt
JBL,Jabil
JKHY,Jack Henry & Associates
J,Jacobs Solutions
JNJ,Johnson & Johnson
JCI,Johnson Controls
JPM,JPMorgan Chase
K,Kellanova
KVUE,Kenvue
KDP,Keurig Dr Pepper
KEY,KeyCorp
KEYS,Keysight Technologies
KMB,Kimberly-Clark
KIM,Kimco Realty
KMI,Kinder Morgan
KKR,KKR & Co.
KLAC,KLA Corporation
KHC,Kraft Heinz
KR,Kroger
LHX,L3Harris
LH,Labcorp
LRCX,Lam Research
LW,Lamb Weston
LVS,Las Vegas Sands
LDOS,Leidos
LEN,Lennar
LII,Lennox International
LLY,Lilly (Eli)
LIN,Linde plc
LYV,Live Nation Entertainment
LKQ,LKQ Corporation
LMT,Lockheed Martin
L,Loews Corporation
LOW,Lowe's
LULU,Lululemon Athletica
LYB,LyondellBasell
MTB,M&T Bank
MPC,Marathon Petroleum
MAR,Marriott International
MMC,Marsh McLennan
MLM,Martin Marietta Materials
MAS,Masco
MA,Mastercard
MTCH,Match Group
MKC,McCormick & Company
MCD,McDonald's
MCK,McKesson Corporation
MDT,Medtronic
MRK,Merck & Co.
META,Meta Platforms
MET,MetLife
MTD,Mettler Toledo
MGM,MGM Resorts
MCHP,Microchip Technology
MU,Micron Technology
MSFT,Microsoft
MAA,Mid-America Apartment Communities
MRNA,Moderna
MHK,Mohawk Industries
MOH,Molina Healthcare
TAP,Molson Coors Beverage Company
MDLZ,Mondelez International
MPWR,Monolithic Power Systems
MNST,Monster Beverage
MCO,Moody's Corporation
MS,Morgan Stanley
MOS,Mosaic Company (The)
MSI,Motorola Solutions
MSCI,MSCI Inc.
NDAQ,"Nasdaq, Inc."
NTAP,NetApp
NFLX,Netflix
NEM,Newmont
NWSA,News Corp (Class A)
NWS,News Corp (Class B)
NEE,NextEra Energy
NKE,"Nike, Inc."
NI,NiSource
NDSN,Nordson Corporation
NSC,Norfolk Southern
NTRS,Northern Trust
NOC,Northrop Grumman
NCLH,Norwegian Cruise Line Holdings
NRG,NRG Energy
NUE,Nucor
NVDA,Nvidia
NVR,"NVR, Inc."
NXPI,NXP Semiconductors
ORLY,O’Reilly Automotive
OXY,Occidental Petroleum
ODFL,Old Dominion
OMC,Omnicom Group
ON,ON Semiconductor
OKE,Oneok
ORCL,Oracle Corporation
OTIS,Otis Worldwide
PCAR,Paccar
PKG,Packaging Corporation of America
PLTR,Palantir Technologies
PANW,Palo Alto Networks
PSKY,Paramount Skydance Corporation
PH,Parker Hannifin
PAYX,Paychex
PAYC,Paycom
PYPL,PayPal
PNR,Pentair
PEP,PepsiCo
PFE,Pfizer
PCG,PG&E Corporation
PM,Philip Morris International
PSX,Phillips 66
PNW,Pinnacle West Capital
PNC,PNC Financial Services
POOL,Pool Corporation
PPG,PPG Industries
PPL,PPL Corporation
PFG,Principal Financial Group
PG,Procter & Gamble
PGR,Progressive Corporation
PLD,Prologis
PRU,Prudential Financial
PEG,Public Service Enterprise Group
PTC,PTC Inc.
PSA,Public Storage
PHM,PulteGroup
PWR,Quanta Services
QCOM,Qualcomm
DGX,Quest Diagnostics
RL,Ralph Lauren Corporation
RJF,Raymond James Financial
RTX,RTX Corporation
O,Realty Income
REG,Regency Centers
REGN,Regeneron Pharmaceuticals
RF,Regions Financial Corporation
RSG,Republic Services
RMD,ResMed
RVTY,Revvity
HOOD,Robinhood Markets
ROK,Rockwell Automation
ROL,"Rollins, Inc."
ROP,Roper Technologies
ROST,Ross Stores
RCL,Royal Caribbean Group
SPGI,S&P Global
CRM,Salesforce
SBAC,SBA Communications
SLB,Schlumberger
STX,Seagate Technology
SRE,Sempra
NOW,ServiceNow
SHW,Sherwin-Williams
SPG,Simon Property Group
SWKS,Skyworks Solutions
SJM,J.M. Smucker Company (The)
SW,Smurfit Westrock
SNA,Snap-on
SOLS,Solstice Advanced Materials
SOLV,Solventum
SO,Southern Company
LUV,Southwest Airlines
SWK,Stanley Black & Decker
SBUX,Starbucks
STT,State Street Corporation
STLD,Steel Dynamics
STE,Steris
SYK,Stryker Corporation
SMCI,Supermicro
SYF,Synchrony Financial
SNPS,Synopsys
SYY,Sysco
TMUS,T-Mobile US
TROW,T. Rowe Price
TTWO,Take-Two Interactive
TPR,"Tapestry, Inc."
TRGP,Targa Resources
TGT,Target Corporation
TEL,TE Connectivity
TDY,Teledyne Technologies
TER,Teradyne
TSLA,"Tesla, Inc."
TXN,Texas Instruments
TPL,Texas Pacific Land Corporation
TXT,Textron
TMO,Thermo Fisher Scientific
TJX,TJX Companies
TKO,TKO Group Holdings
TTD,Trade Desk (The)
TSCO,Tractor Supply
TT,Trane Technologies
TDG,TransDigm Group
TRV,Travelers Companies (The)
TRMB,Trimble Inc.
TFC,Truist Financial
TYL,Tyler Technologies
TSN,Tyson Foods
USB,U.S. Bancorp
UBER,Uber
UDR,"UDR, Inc."
ULTA,Ulta Beauty
UNP,Union Pacific Corporation
UAL,United Airlines Holdings
UPS,United Parcel Service
URI,United Rentals
UNH,UnitedHealth Group
UHS,Universal Health Services
VLO,Valero Energy
VTR,Ventas
VLTO,Veralto
VRSN,Verisign
VRSK,Verisk Analytics
VZ,Verizon
VRTX,Vertex Pharmaceuticals
VTRS,Viatris
VICI,Vici Properties
V,Visa Inc.
VST,Vistra Corp.
VMC,Vulcan Materials Company
WRB,W. R. Berkley Corporation
GWW,W. W. Grainger
WAB,Wabtec
WMT,Walmart
DIS,Walt Disney Company (The)
WBD,Warner Bros. Discovery
WM,Waste Management
WAT,Waters Corporation
WEC,WEC Energy Group
WFC,Wells Fargo
WELL,Welltower
WST,West Pharmaceutical Services
WDC,Western Digital
WY,Weyerhaeuser
WSM,"Williams-Sonoma, Inc."
WMB,Williams Companies
WTW,Willis Towers Watson
WDAY,"Workday, Inc."
WYNN,Wynn Resorts
XEL,Xcel Energy
XYL,Xylem Inc.
YUM,Yum! Brands
ZBRA,Zebra Technologies
ZBH,Zimmer Biomet
ZTS,Zoetis
AAMI,Acadian Asset Management Inc.
AAP,"Advance Auto Parts, Inc."
AAT,American Assets Trust
ABCB,Ameris Bancorp
ABG,Asbury Automotive Group
ABM,"ABM Industries, Inc."
ABR,Arbor Realty Trust
ACA,"Arcosa, Inc."
ACAD,Acadia Pharmaceuticals
ACHC,Acadia Healthcare
ACIW,ACI Worldwide
ACLS,"Axcelis Technologies, Inc."
ACT,"Enact Holdings, Inc."
ADAM,"Adamas Trust, Inc."
ADEA,"Adeia, Inc."
ADMA,"ADMA Biologics, Inc."
ADNT,Adient
ADUS,Addus HomeCare Corp.
AEIS,Advanced Energy
AEO,American Eagle Outfitters
AESI,"Atlas Energy Solutions, Inc."
AGO,Assured Guaranty Ltd.
AGYS,"Agilysys, Inc."
AHCO,AdaptHealth Corp.
AHH,"Armada Hoffler Properties, Inc."
AIN,Albany International Corp.
AIR,AAR CORP.
AKR,Acadia Realty Trust
AL,Air Lease Corporation
ALEX,Alexander & Baldwin
ALG,Alamo Group
ALGT,Allegiant Travel Company
ALKS,Alkermes plc
ALRM,"Alarm.Com, Inc."
AMN,"Amn Healthcare Services, Inc."
AMPH,"Amphstar Pharmaceuticals, Inc."
AMR,"Alpha Metallurgical Resources, Inc."
AMSF,"Amerisafe, Inc."
AMTM,Amentum
AMWD,American Woodmark Corp.
ANDE,"The Andersons, Inc."
ANGI,Angi Inc.
ANIP,"ANI Pharmaceuticals, Inc."
AORT,Artivion
AOSL,"Alpha and Omega Semiconductor, Ltd."
APAM,"Artisan Partners Asset Management, Inc."
APLE,"Apple Hospitality REIT, Inc."
APOG,"Apogee Enterprises, Inc."
ARCB,ArcBest Corp.
ARI,Apollo Commercial Real Estate Finance
ARLO,Arlo Technologies
AROC,"Archrock, Inc."
ARR,Armour Residential REIT
ARWR,Arrowhead Pharmaceuticals
ASIX,"Advansix, Inc."
ASO,Academy Sports + Outdoors
ASTE,"Astec Industries, Inc."
ASTH,"Astrana Health, Inc."
ATEN,"A10 Networks, Inc."
ATGE,Adtalem Global Education
AUB,"Atlantic Union Bankshares, Corp."
AVA,Avista Corporation
AVNS,"Avanos Medical, Inc."
AWI,"Armstrong World Industries, Inc."
AWR,American States Water Company
AX,"Axos Financial, Inc."
AXL,"American Axle & Manufacturing, Inc."
AZTA,"Azenta, Inc."
AZZ,"AZZ, Inc."
BANC,"Banc Of California, Inc."
BANF,Bancfirst Corp
BANR,Banner Corporation
BBT,Beacon Financial Corp.
BCC,Boise Cascade
BCPC,Balchem Corporation
BDN,Brandywine Realty Trust
BFH,"Bread Financial Holdings, Inc."
BFS,"Saul Centers, Inc."
BGC,"BGC Group, Inc."
BHE,"Benchmark Electronics, Inc."
BJRI,"BJ's Restaurants, Inc."
BKE,"The Buckle, Inc."
BKU,"BankUnited, Inc."
BL,"BlackLine Systems, Inc."
BLFS,"BioLife Solutions, Inc."
BLMN,"Bloomin' Brands, Inc."
BMI,"Badger Meter, Inc."
BOH,Bank of Hawaii
BOOT,"Boot Barn Holdings, Inc."
BOX,"Box, Inc."
BRC,Brady Corporation
BTSG,"BrightSpring Health Services, Inc."
BTU,"Peabody Energy, Inc."
BWA,BorgWarner
BXMT,"Blackstone Mortgage Trust, Inc."
CABO,Cable One
CAKE,"The Cheesecake Factory, Inc."
CAL,"Caleres, Inc."
CALM,"Cal-Maine Foods, Inc."
CALX,Calix
CARG,CarGurus
CARS,Cars.com
CASH,"Pathward Financial, Inc."
CATY,Cathay General Bancorp
CBRL,Cracker Barrel
CBU,"Community Bank System, Inc."
CC,Chemours
CCOI,"Cogent Communications Holdings, Inc."
CCS,"Century Communities, Inc."
CE,Celanese
CENT,Central Garden & Pet Company
CENTA,Central Garden & Pet Company (Class A)
CENX,Century Aluminum Company
CERT,"Certara, Inc."
CEVA,"CEVA, Inc."
CFFN,Capitol Federal Savings Bank
CHCO,City Holding Company
CHEF,"Chefs' Warehouse, Inc."
CLB,Core Laboratories
CLSK,"CleanSpark, Inc."
CNK,"Cinemark Holdings, Inc."
CNMD,CONMED Corporation
CNR,"Core Natural Resources, Inc."
CNS,"Cohen & Steers, Inc."
CNXN,"PC Connection, Inc."
COHU,"Cohu, Inc."
COLL,"Collegium Pharmaceutical, Inc."
CON,"Concentra Group Holdings Parent, Inc."
CORT,Corcept Therapeutics Incorporated
CPF,Central Pacific Financial Corp.
CPK,Chesapeake Utilities Corp.
CPRX,"Catalyst Pharmaceuticals Partners, Inc."
CRC,California Resources Corporation
CRGY,Crescent Energy Company
CRI,"Carter's, Inc."
CRK,"Comstock Resources, Inc."
CRSR,Corsair Gaming
CRVL,CorVel Corporation
CSGS,"CSG Systems International, Inc."
CSR,Centerspace Trust
CSW,"CSW Industrials, Inc."
CTKB,"Cytek Biosciences, Inc."
CTRE,"CareTrust REIT, Inc."
CTS,CTS Corporation
CUBI,"Customers Bancorp, Inc."
CURB,Curbline Properties Corp.
CVBF,CVB Financial Corp.
CVCO,"Cavco Industries, Inc."
CVI,"CVR Energy, Inc."
CWEN,"Clearway Energy, Inc. (Class C)"
CWEN.A,"Clearway Energy, Inc. (Class A)"
CWK,Cushman & Wakefield plc
CWT,California Water Service Group
CXM,"Sprinklr, Inc."
CXW,CoreCivic
CZR,Caesars Entertainment
DAN,Dana Incorporated
DCOM,"Dime Community Bancshares, Inc."
DEA,"Easterly Government Properties, Inc."
DEI,Douglas Emmett
DFH,"Dream Finders Homes, Inc."
DFIN,"Donnelley Financial Solutions, Inc."
DGII,Digi International Inc.
DIOD,Diodes Incorporated
DLX,Deluxe Corporation
DNOW,NOW Inc
DOCN,"DigitalOcean Holdings, Inc."
DORM,"Dorman Products, Inc."
DRH,DiamondRock Hospitality Company
DV,"DoubleVerify Holdings, Inc."
DVAX,Dynavax Technologies Corp.
DXC,DXC Technology
DXPE,"DXP Enterprises, Inc."
DY,"Dycom Industries, Inc."
EAT,"Brinker International, Inc."
ECG,"Everus Construction Group, Inc."
ECPG,"Encore Capital Group, Inc."
EFC,"Ellington Financial, Inc."
EGBN,Eagle Bancorp Inc
EIG,"Employers Holdings, Inc."
ELME,Elme Communities
EMBC,Embecta Corp.
ENOV,Enovis
ENPH,Enphase Energy
ENR,Energizer
ENVA,"Enova International, Inc."
EPAC,Enerpac Tool Group
EPC,Edgewell Personal Care
EPRT,"Essential Properties Realty Trust, Inc."
ESE,ESCO Technologies Inc.
ESI,Element Solutions
ETD,"Ethan Allen Interiors, Inc."
ETSY,Etsy
EVTC,"EVERTEC, Inc."
EXPI,"eXp World Holdings, Inc."
EXTR,"Extreme Networks, Inc."
EYE,National Vision Holdings
EZPW,"EZCORP, Inc."
FBK,FB Financial Corp.
FBNC,First Bancorp (Southern Pines NC)
FBP,First BanCorp (Puerto Rico)
FBRT,"Franklin BSP Realty Trust, Inc."
FCF,"First Commonwealth Financial, Corp."
FCPT,"Four Corners Property Trust, Inc."
FDP,"Fresh Del Monte Produce, Inc."
FELE,Franklin Electric
FFBC,First Financial Bancorp.
FHB,"First Hawaiian, Inc."
FIZZ,National Beverage Corp.
FMC,FMC Corporation
FORM,"FormFactor, Inc."
FOXF,Fox Factory
FRPT,Freshpet
FSS,Federal Signal Corporation
FTDR,"Frontdoor, Inc."
FTRE,Fortrea
FUL,H.B. Fuller Company
FULT,Fulton Financial Corporation
FUN,Six Flags
FWRD,Forward Air Corp.
GBX,"The Greenbrier Companies, Inc."
GDEN,Golden Entertainment
GDYN,"Grid Dynamics Holdings, Inc."
GEO,"GEO Group, Inc."
GES,"Guess, Inc."
GFF,Griffon Corporation
GIII,"G-III Apparel Group, Ltd."
GKOS,Glaukos Corp.
GNL,"Global Net Lease, Inc."
GNW,"Genworth Financial, Inc."
GO,Grocery Outlet
GOGO,"Gogo, Inc."
GOLF,Acushnet Company
GPI,"Group 1 Automotive, Inc."
GRBK,"Green Brick Partners, Inc."
GSHD,"Goosehead Insurance, Inc."
GTES,Gates Corporation
GTY,Getty Realty Corp.
GVA,"Granite Construction, Inc."
HAFC,Hanmi Financial Corporation
HASI,"Hannon Armstrong Sustainable Infrastructure Capital, Inc."
HAYW,"Hayward Holdings, Inc."
HBI,"Hanesbrands, Inc."
HCC,"Warrior Met Coal, Inc."
HCI,"HCI Group, Inc."
HCSG,"Healthcare Services Group, Inc."
HELE,Helen of Troy Limited
HFWA,Heritage Financial Corporation
HI,"Hillenbrand, Inc."
HIW,Highwoods Properties]
HL,Hecla Mining
HLIT,Harmonic Inc.
HLX,"Helix Energy Solutions Group, Inc."
HMN,Horace Mann Educators Corporation
HNI,HNI Corporation
HOPE,"Hope Bancorp, Inc."
HP,"Helmerich & Payne, Inc."
HRMY,"Harmony Biosciences Holdings, Inc."
HSII,"Heidrick & Struggles International, Inc."
HSTM,"HealthStream, Inc."
HTH,Hilltop Holdings Inc.
HTLD,"Heartland Express, Inc."
HTO,H2O America
HTZ,Hertz
HUBG,"Hub Group, Inc."
HWKN,"Hawkins, Inc."
HZO,"MarineMax, Inc."
IAC,IAC Inc.
IART,Integra Lifesciences Holdings
IBP,"Installed Building Products, Inc."
ICHR,"Ichor Holdings, Ltd."
ICUI,ICU Medical
IDCC,"InterDigital, Inc."
IIIN,"Insteel Industries, Inc."
IIPR,"Innovative Industrial Properties, Inc."
INDB,Independent Bank Corp.
INN,"Summit Hotel Properties, Inc."
INSP,"Inspire Medical Systems, Inc."
INSW,"International Seaways, Inc."
INVA,"Innoviva, Inc."
INVX,"Innovex International, Inc."
IOSP,"Innospec, Inc."
IPAR,"Inter Parfums, Inc."
ITGR,Integer Holdings Corporation
ITRI,"Itron, Inc."
JBGS,JBG Smith
JBLU,JetBlue
JBSS,"John B. Sanfilippo & Son, Inc."
JBTM,JBT Marel Corporation
JJSF,J&J Snack Foods Corp.
JOE,St. Joe Company
JXN,"Jackson Financial, Inc."
KAI,Kadant Inc.
KALU,Kaiser Aluminum Corporation
KAR,"OPENLANE, Inc."
KFY,Korn/Ferry International
KGS,"Kodiak Gas Services, Inc."
KLIC,"Kulicke and Soffa Industries, Inc."
KMT,Kennametal
KMX,"CarMax, Inc."
KN,Knowles Corporation
KNTK,"Kinetik Holdings, Inc."
KOP,"Koppers Holdings, Inc."
KREF,"KKR Real Estate Finance Trust, Inc."
KRYS,"Krystal Biotech, Inc."
KSS,Kohl's Corp.
KTB,Kontoor Brands
KW,"Kennedy-Wilson Holdings, Inc."
KWR,Quaker Chemical Corporation
LBRT,"Liberty Energy, Inc."
LCII,LCI Industries
LEG,Leggett & Platt
LGIH,LGI Homes
LGND,"Ligand Pharmaceuticals, Inc."
LKFN,Lakeland Financial
LMAT,LeMaitre Vascular
LNC,Lincoln Financial
LNN,Lindsay Corporation
LPG,Dorian LPG Ltd.
LQDT,"Liquidity Services, Inc."
LRN,"Stride, Inc."
LTC,"LTC Properties, Inc."
LUMN,Lumen Technologies
LXP,Lexington Realty Trust
LZB,"La-Z-Boy, Inc."
MAC,Macerich
MAN,ManpowerGroup
MARA,"MARA Holdings, Inc."
MATW,Matthews International Corporation
MATX,"Matson, Inc."
MBC,"MasterBrand, Inc."
MC,Moelis & Company
MCRI,"Monarch Casino & Resort, Inc."
MCW,"Mister Car Wash, Inc."
MCY,Mercury General
MD,Pediatrix Medical Group
MDU,"MDU Resources Group, Inc."
MGEE,"MGE Energy, Inc."
MGPI,"MGP Ingredients, Inc."
MGY,"Magnolia Oil & Gas, Corp."
MHO,"M/I Homes, Inc."
MIR,"Mirion Technologies, Inc."
MKTX,MarketAxess
MLKN,"MillerKnoll, Inc."
MMI,"Marcus & Millichap, Inc."
MMSI,"Merit Medical Systems, Inc."
MNRO,"Monro, Inc."
MODG,Topgolf Callaway Brands
MOG.A,Moog Inc.
MPW,Medical Properties Trust
MRCY,Mercury Systems
MRP,"Millrose Properties, Inc."
MRTN,Marten Transport Ltd.
MSEX,Middlesex Water Company
MSGS,Madison Square Garden Sports Corp.
MTH,Meritage Homes Corporation
MTRN,Materion Corp.
MTUS,Metallus Inc
MTX,Minerals Technologies
MWA,Mueller Water Products
MXL,"MaxLinear, Inc."
MYGN,"Myriad Genetics, Inc."
MYRG,"MYR Group, Inc."
NABL,"N-able, Inc."
NATL,NCR Atleos
NAVI,Navient
NBHC,National Bank Holdings Corporation
NBTB,"NBT Bancorp, Inc."
NE,Noble Corporation
NEO,"NeoGenomics Laboratories, Inc."
NEOG,Neogen
NGVT,"Ingevity, Corp."
NHC,"National Healthcare, Corp."
NMIH,"NMI Holdings, Inc."
NOG,"Northern Oil and Gas, Inc."
NPK,"National Presto Industries, Inc."
NPO,"EnPro Industries, Inc."
NSIT,"Insight Enterprises, Inc."
NTCT,"NETSCOUT Systems, Inc."
NVRI,Enviri Corporation
NWBI,"Northwest Bancshares, Inc."
NWL,Newell Brands
NWN,NW Natural
NX,Quanex Building Products Corporation
NXRT,"NexPoint Residential Trust, Inc."
OFG,OFG Bancorp
OGN,Organon & Co.
OI,"O-I Glass, Inc."
OII,"Oceaneering International, Inc."
OMCL,Omnicell
OSIS,"OSI Systems, Inc."
OTTR,Otter Tail Corporation
OUT,Outfront Media
OXM,"Oxford Industries, Inc."
PAHC,Phibro Animal Health
PARR,"Par Pacific Holdings, Inc."
PAYO,Payoneer Global Inc.
PATK,"Patrick Industries, Inc."
PBH,Prestige Consumer Healthcare
PBI,"Pitney Bowes, Inc."
PCRX,"Pacira BioSciences, Inc."
PDFS,"PDF Solutions, Inc."
PEB,Pebblebrook Hotel Trust
PECO,Phillips Edison & Company
PENG,"Penguin Solutions, Inc."
PENN,Penn Entertainment
PFBC,Preferred Bank
PFS,"Provident Financial Services, Inc."
PGNY,Progyny
PHIN,"PHINIA, Inc."
PI,"Impinj, Inc."
PINC,"Premier, Inc."
PIPR,Piper Sandler Companies
PJT,"PJT Partners, Inc."
PLAB,"Photronics, Inc."
PLAY,"Dave & Buster's Entertainment, Inc."
PLMR,"Palomar Holdings, Inc."
PLUS,"ePlus, Inc."
PLXS,Plexus Corp.
PMT,PennyMac Mortgage Investment Trust
POWL,"Powell Industries, Inc."
PRA,ProAssurance Corporation
PRAA,"PRA Group, Inc."
PRDO,Perdoceo Education Corp.
PRG,"PROG Holdings, Inc."
PRGS,Progress Software Corporation
PRK,Park National Corp.
PRKS,United Parks & Resorts
PRLB,Protolabs
PRSU,"Pursuit Attractions & Hospitality, Inc."
PRVA,"Privia Health Group, Inc."
PSMT,PriceSmart
PTEN,"Patterson-UTI Energy, Inc."
PTGX,"Protagonist Therapeutics, Inc."
PZZA,Papa John's Pizza
QDEL,QuidelOrtho
QNST,"QuinStreet, Inc."
QRVO,Qorvo
QTWO,"Q2 Holdings, Inc."
RAMP,"LiveRamp Holdings, Inc."
RAL,Ralliant Corp
RC,Ready Capital Corp
RCUS,"Arcus Biosciences, Inc."
RDN,"Radian Group, Inc."
RDNT,"RadNet, Inc."
RES,"RPC, Inc."
REYN,Reynolds Consumer Products
REX,REX American Resources Corporation
REZI,"Resideo Technologies, Inc."
RGR,"Sturm, Ruger & Company, Inc."
RHI,Robert Half
RHP,Ryman Hospitality Properties
RNST,Renasant Corp.
ROCK,"Gibraltar Industries, Inc."
ROG,Rogers Corporation
RUN,Sunrun
RUSHA,Rush Enterprises
RWT,"Redwood Trust, Inc."
RXO,"RXO, Inc."
SAFE,"Safehold, Inc."
SABR,Sabre
SAFT,"Safety Insurance Group, Inc."
SAH,"Sonic Automotive, Inc."
SANM,Sanmina Corporation
SBCF,Seacoast Banking Corporation of Florida
SBH,"Sally Beauty Holdings, Inc."
SBSI,"Southside Bancshares, Inc."
SCHL,Scholastic Corporation
SCL,Stepan Company
SCSC,"ScanSource, Inc."
SCVL,"Shoe Carnival, Inc."
SDGR,"Schrödinger, Inc."
SEDG,SolarEdge
SEE,Sealed Air
SEM,"Select Medical Holdings, Corp."
SFBS,"ServisFirst Bancshares, Inc."
SFNC,Simmons First National Corporation
SHAK,"Shake Shack, Inc."
SHEN,Shenandoah Telecommunications Co
SHO,"Sunstone Hotel Investors, Inc."
SHOO,"Steven Madden, Ltd."
SIG,Signet Jewelers
SITC,SITE Centers Corp.
SITM,SiTime
SKT,"Tanger Factory Outlet Centers, Inc."
SKY,"Champion Homes, Inc."
SKYW,"SkyWest, Inc."
SLG,SL Green Realty
SLVM,Sylvamo Corp.
SM,SM Energy Company
SMP,"Standard Motor Products, Inc."
SMPL,Simply Good Foods Company
SMTC,Semtech Corporation
SNCY,Sun Country Airlines
SNDK,SanDisk
SNDR,Schneider National
SNEX,StoneX Group Inc.
SONO,"Sonos, Inc."
SPNT,SiriusPoint Ltd.
SPSC,"SPS Commerce, Inc."
SPXC,SPX Corporation
SRPT,Sarepta Therapeutics
SSTK,"Shutterstock, Inc."
STAA,STAAR Surgical Company
STBA,"S&T Bancorp, Inc."
STC,Stewart Information Services Corporation
STEL,"Stellar Bancorp, Inc."
STEP,StepStone Group
STRA,"Strategic Education, Inc."
STRL,"Sterling Infrastructure, Inc."
SUPN,"Supernus Pharmaceuticals, Inc."
SXC,"SunCoke Energy, Inc."
SXI,Standex International Corporation
SXT,Sensient Technologies
TALO,"Talos Energy, Inc."
TBBK,"The Bancorp, Inc."
TDC,Teradata
TDS,"Telephone and Data Systems, Inc."
TDW,"Tidewater, Inc."
TFIN,"Triumph Bancorp, Inc."
TFX,Teleflex
TGNA,Tegna
TGTX,"TG Therapeutics, Inc."
THRM,Gentherm Incorporated
THRY,"Thryv Holdings, Inc."
THS,"TreeHouse Foods, Inc."
TILE,"Interface, Inc."
TMDX,"TransMedics Group, Inc."
TMP,Tompkins Financial Corporation
TNC,Tennant Company
TNDM,Tandem Diabetes Care
TPH,"Tri Pointe Homes, Inc."
TR,"Tootsie Roll Industries, Inc."
TRIP,TripAdvisor
TRMK,Trustmark Corp.
TRN,"Trinity Industries, Inc."
TRNO,Terreno Realty Corporation
TRST,TrustCo Bank Corp NY
TRUP,Trupanion
TTMI,"TTM Technologies, Inc."
TWI,"Titan International, Inc."
TWO,Two Harbors Investment Corp.
UCB,"United Community Banks, Inc."
UCTT,"Ultra Clean Holdings, Inc."
UE,Urban Edge Properties
UFCS,"United Fire Group, Inc."
UFPT,"UFP Technologies, Inc."
UHT,Universal Health Realty Income Trust
UNF,UniFirst Corporation
UNFI,United Natural Foods Inc
UNIT,Uniti Group
UPBD,"Upbound Group, Inc."
URBN,"Urban Outfitters, Inc."
USPH,"U.S. Physical Therapy, Inc."
UTL,Unitil Corporation
UVV,Universal Corporation
VCEL,Vericel
VCTR,"Victory Capital Holdings, Inc."
VCYT,"Veracyte, Inc."
VECO,Veeco Instruments Inc.
VIAV,VIAVI Solutions
VICR,Vicor Corporation
VIR,"Vir Biotechnology, Inc."
VIRT,"Virtu Financial, Inc."
VRE,"Veris Residential, Inc."
VRRM,Verra Mobility Corporation
VRTS,"Virtus Investment Partners, Inc."
VSAT,"Viasat, Inc."
VSCO,Victoria's Secret
VSH,Vishay Intertechnology
VSTS,Vestis
VTOL,Bristow Group Inc.
VTLE,"Vital Energy, Inc."
VYX,NCR Voyix
WABC,Westamerica Bank
WAFD,"WaFd, Inc."
WAY,Waystar Holding Corp
WD,"Walker & Dunlop, Inc."
WDFC,WD-40 Company
WEN,The Wendy's Company
WERN,Werner Enterprises
WGO,"Winnebago Industries, Inc."
WHD,"Cactus, Inc."
WKC,World Kinect Corporation
WLY,John Wiley & Sons
WOR,Worthington Enterprises
WRLD,World Acceptance Corporation
WS,Worthington Steel
WSC,WillScot Holdings Corp.
WSFS,WSFS Financial Corporation
WSR,Whitestone REIT
WT,"WisdomTree Investments, Inc."
WU,Western Union
WWW,"Wolverine World Wide, Inc."
XHR,"Xenia Hotels & Resorts, Inc."
XNCR,Xencor Inc
XPEL,"XPEL, Inc."
YELP,"Yelp, Inc."
YOU,"Clear Secure, Inc."
ZD,Ziff Davis
ZWS,Zurn Elkay Water Solutions Corp.
ALTR,Altair Engineering
ALTM,Arcadium Lithium
CHK,Chesapeake Energy
ZI,ZoomInfo
BERY,Berry Global
HTA,Healthcare Trust of America
SWN,Southwestern Energy
UA/UAA,Under Armour
SWAV,Shockwave Medical
NARI,Inari Medical
PDCE,PDC Energy
GPS,Gap
SPWR,SunPower
APPS,Digital Turbine
MIME,Mimecast
CRNC,Cerence
ELY,Callaway Golf
ENV,Envestnet
HFC,HollyFrontier
AZPN,Aspen Technology
RCM,R1 RCM
XRX,Xerox
BRKS,Brooks Automation
AIRC,Apartment Income REIT
SAIL,SailPoint Technologies
IAA,"IAA, Inc."
EBS,Emergent BioSolutions
ADS,Alliance Data Systems
JWN,Nordstrom
UNVR,Univar Solutions
HPP,Hudson Pacific Properties
STOR,Store Capital
LHCG,LHC Group
XEC,Cimarex Energy
CIT,CIT Group
CCMP,Cabot Microelectronics
CDAY,Ceridian
NKTR,Nektar Therapeutics
IIVI,II-VI
GRUB,Grubhub
FL,Foot Locker
SRC,Spirit Realty
AAXN,Axon Enterprise
PSB,PS Business Parks
CFX,Colfax
AMED,Amedisys
CVET,Covetrus
GDOT,Green Dot
SRCL,Stericycle
ETRN,Equitrans Midstream
RLGY,Realogy
ERI,Eldorado Resorts
WWE,World Wrestling Entertainment
WYND,Wyndham Destinations
PRAH,PRA Health Sciences
APY,Apergy Corp.
MDR,McDermott International
OAS,Oasis Petroleum
PDCO,Patterson Companies
CMD,Cantel Medical
TREE,LendingTree
SGMS,Scientific Games
DLPH,Delphi Technologies
SIX,Six Flags
STL,Sterling Bancorp
SAFM,Sanderson Farms
ILG,"ILG, Inc."
CPE,Callon Petroleum
MNK,Mallinckrodt
BBBY,Bed Bath & Beyond
RIG,Transocean
MDSO,Medidata Solutions
DNB,Dun & Bradstreet
INCR,INC Research
MIK,The Michaels Companies
FTR,Frontier Communications
ENDP,Endo International
NUS,Nu Skin
CONE,CyrusOne
DDS,Dillard's
CTB,Cooper Tire & Rubber
BIVV,Bioverativ
LOGM,LogMeIn
LM,Legg Mason
HLS,HealthSouth
QCP,Quality Care Properties
VSM,Versum Materials
DO,Diamond Offshore Drilling
NUVA,NuVasive
CHFC,Chemical Financial (later TCF Financial Corporation)
MBFI,MB Financial
BRCD,Brocade Communications
EDR,Education Realty Trust
WBMD,webMD Health
DCT,DCT Industrial Trust
ABMD,Abiomed
ESV,Ensco plc
PVTB,PrivateBancorp
LNCE,Snyder's-Lance
SCOR,comScore
MSCC,Microsemi
FOSL,Fossil Group
JCOM,j2 Global
CSC,Computer Sciences Corp
ENH,Endurance Specialty Holdings
JACK,Jack in the Box
WETF,WisdomTree Investments
OZRK,Bank of the Ozarks
DNKN,Dunkin' Brands Group Inc
CSAL,Communications Sales & Leasing
CDK,CDK Global Inc.
Q,Qnity Electronics Inc.
SBNY,Signature Bank
CTLT,Catalent
BMS,Bemis
FRC,First Republic Bank
MXIM,Maxim Integrated
WCG,WellCare
FLT,FleetCor Technologies
TWTR,Twitter
SIVB,SVB Financial Group
DWDP,DuPont
DRE,Duke Realty Corp
ANSS,Ansys
RE,Everest Re
INFO,IHS Markit
DISH,Dish Network
EVHC,Envision Healthcare
ARNC,Arconic
FBHS,Fortune Brands Home & Security
CXO,Concho Resources
WLTW,Willis Towers Watson
CSRA,CSRA
CMCSK,Comcast Class K Special
ATVI,Activision Blizzard
CPGX,Columbia Pipeline Group
BXLT,Baxalta
LVLT,Level 3 Communications
DISCK,Discovery Communications
GMCR,Keurig Green Mountain
FB,Facebook
GGP,General Growth Properties
KORS,Michael Kors
NLSN,Nielsen Holdings
KSU,Kansas City Southern
PETM,PetSmart
KRFT,Kraft Foods
ADT,ADT
ALXN,Alexion Pharmaceuticals
WPX,WPX Energy
GAS,AGL Resources.
CBE,Cooper Industries
ANR,Alpha Natural Resources
COV,Covidien
JOYG,Joy Global
CVC,Cablevision
NFX,Newfield Exploration
TYC,Tyco International
QEP,QEP Resources
CERN,Cerner
MJN,Mead Johnson Nutrition
SAI,SAIC
PCLN,Priceline.com
ARG,Airgas
PCS,MetroPCS
HRS,Harris Corporation
AKS,AK Steel
COG,Cabot Oil & Gas
MEE,Massey Energy
LO,Lorillard Tobacco Company
JEC,Jacobs Engineering Group
TSO,Tesoro Corporation
LUK,Leucadia National
DFS,Discover Financial
KFT,Kraft Foods
JNPR,Juniper Networks
ESRX,Express Scripts
SBL,Symbol Technologies
AYE,Allegheny Energy
ABK,Ambac Financial
JDSU,JDS Uniphase
CVG,Convergys
YHOO,Yahoo!
WLP,Wellpoint
FSR,Firstar
CPWR,Compuware
CCR,Countrywide Credit Industries
NCC,National City
BUD,Anheuser Busch
ACMR,ACM Research
BHLB,Berkshire Hills Bancorp
WOLF,Wolfspeed
SWI,SolarWinds
ARCH,Arch Resources
ALSK,Alaska Air Group
"CWEN, CWEN.A","Clearway, Inc."
KLG,WK Kellogg Co
PACW,PacWest Bancorp
NEX,NexTier Oilfield Solutions
SJW,SJW Group
AGTI,Agiliti
HAIN,Hain Celestial Group
XPER,"Xperi, Inc."
LESL,Leslie's
AVID,Avid Technology
CLFD,Clearfield
EHAB,"Enhabit, Inc."
IRWD,Ironwood Pharmaceuticals
ZIMV,ZimVie
CMP,Compass Minerals
TWNK,Hostess Brands
ITOS,iTeos Therapeutics
DOUG,Douglas Elliman
NVEE,NV5 Global
ONL,Orion Office REIT
LYLT,Loyalty Ventures
CDMO,Avid Biosciences
CCSI,Consensus Cloud Solutions
OPRX,OptimizeRx Corp.
WW,WW International
QURE,uniQure N.V.
INT,World Fuel Services
AMEH,"Apollo Medical Holdings, Inc."
SLQT,"SelectQuote, Inc."
SVC,Service Properties Trust
ORGO,Organogenesis Holdings Inc.
JYNT,The Joint Corp.
UFS,Domtar Corp.
RILY,B. Riley Financial
CARA,Cara Therapeutics
ISBC,"Investors Bancorp, Inc."
AMCX,AMC Networks
AAN,"The Aaron's Company, Inc."
FLGT,Fulgent Genetics
CLI,Mack-Cali Realty Corp.
COOP,Mr. Cooper Group
RPAI,Retail Properties of America Inc.
BSIG,BrightSphere Investment Group
MDRX,Allscripts Healthcare Solutions
DHC,Diversified Healthcare Trust
SLP,Simulations Plus
CHRS,Coherus Biosciences
MDP,Meredith Corporation
CRMT,America's Car-Mart
FBM,Foundation Building Materials
PLT,Plantronics
